Country,HDI rank,Human Development Index (HDI),Life expectancy at birth,Expected years of schooling,Mean years of schooling,Gross national income (GNI) per capita,Human Development Group,region,sub-region,GINI coefficient,Internet users (per 100 people),"Labor force, female (% of total labor force)",Military expenditure (% of GDP),Pop growth (annual %),Pop density (people per sq. km of land area),Pop ages 0-14 (% of total),Pop ages 15-64 (% of total),Pop ages 65+ (% of total),"Pop, total",Refugee population by country or territory of asylum,Refugee population by country or territory of origin,Rural population (% of total pop),"Unemployment, total (% of total labor force)","Fertility rate, total (births per woman)"
Norway,1,0.944,81.6,17.5,12.6,64992,Very high,Europe,Northern Europe,26.8,96.3,47.11038085,1.465836257,1.127736677,14.06516722,18.07642624,65.88987504,16.03369872,5137232,47043,13,19.792,3.400000095,1.78
Australia,2,0.935,82.4,20.2,13,42261,Very high,Oceania,Australia and New Zealand,30.3,84.56,45.38881977,1.805117829,1.488744923,3.054304831,18.7116203,66.56410562,14.72427408,23464086,35582,25,10.711,6,1.859
Switzerland,3,0.93,83,15.8,12.8,56431,Very high,Europe,Western Europe,28.7,87,46.15101081,0.65799317,1.220103973,207.2236309,14.76334742,67.3992554,17.83739718,8188649,62620,19,26.156,4.5,1.52
Denmark,4,0.923,80.2,18.7,12.7,44025,Very high,Europe,Northern Europe,24.8,95.99,47.68798596,1.172098607,0.507053283,133.0067169,17.0677393,64.43318714,18.49907356,5643475,17785,12,12.498,6.599999905,1.67
Netherlands,5,0.922,81.6,17.9,11.9,45435,Very high,Europe,Western Europe,25.1,93.17,46.06147329,1.175068274,0.359828173,500.8912385,16.69880638,65.59350179,17.70769183,16865008,82494,68,10.09,6.900000095,1.68
Germany,6,0.916,80.9,16.5,13.1,43919,Very high,Europe,Western Europe,27,86.19,45.91459248,1.191809717,-1.410379527,232.3477937,12.97724004,65.95247899,21.07028098,80982500,216973,176,24.906,5,1.39
Ireland,6,0.916,80.9,18.6,12.2,39568,Very high,Europe,Northern Europe,33.9,79.69,44.45529592,0.474963953,0.410851014,67.02315285,21.64895178,65.64911947,12.70192875,4617225,5853,10,37.048,11.60000038,1.96
United States of America,8,0.915,79.1,16.5,12.9,52947,Very high,Americas,Northern America,,,,,,,,,,,,,,,
Canada,9,0.913,82,15.9,13,42155,Very high,Americas,Northern America,32.1,87.12,47.12164915,1.000890503,1.098069388,3.908684105,16.03690063,68.27215163,15.69094774,35543658,149163,95,18.35,6.900000095,1.61
New Zealand,9,0.913,81.8,19.2,12.5,32689,Very high,Oceania,Australia and New Zealand,36.2,85.5,47.26514376,1.137030589,1.510339485,17.12696062,20.29292966,65.26445885,14.44261149,4509700,1349,17,13.749,5.599999905,1.92
Singapore,11,0.912,83,15.4,10.6,76628,Very high,Asia,South-Eastern Asia,46.4,82,44.20589626,3.155777509,1.298440178,7736.526167,15.88060188,73.06783187,11.05156625,5469724,3,59,0,3,1.25
Hong Kong,12,0.91,84,15.6,11.2,53959,Very high,Asia,Eastern Asia,53.7,,,,,,,,,,,,,,
Liechtenstein,13,0.908,80,15,11.8,79851,Very high,Europe,Western Europe,,95.21,,,0.66195113,233.0375,,,,37286,103,0,85.695,,1.45
Sweden,14,0.907,82.2,15.8,12.1,45636,Very high,Europe,Northern Europe,24.9,92.52,47.36509335,1.147874317,0.992219729,23.80348112,17.06409205,63.30428361,19.63162434,9696110,142207,18,14.335,8,1.89
United Kingdom,14,0.907,80.7,16.2,13.1,39267,Very high,Europe,Northern Europe,32.4,91.61,45.96109248,1.977827291,0.753349499,267.0737817,17.7023634,64.79905877,17.49857783,64613160,117161,141,17.655,6.300000191,1.83
Iceland,16,0.899,82.6,19,10.6,35182,Very high,Europe,Northern Europe,28,98.16,47.62770405,,1.112504755,3.265695761,20.41959196,66.24750243,13.33290561,327386,99,1,5.958,5,1.93
Korea (Republic of),17,0.898,81.9,16.9,11.9,33890,Very high,Asia,Eastern Asia,,,,,,,,,,,,,,,
Israel,18,0.894,82.4,16,12.5,30676,Very high,Asia,Western Asia,42.8,71.45,46.84034639,5.92334424,1.919543799,379.6534196,27.77403768,61.19479064,11.03117168,8215700,330,979,7.924,6.099999905,3.08
Luxembourg,19,0.892,81.7,13.9,11.7,58711,Very high,Europe,Western Europe,30.4,94.67,44.1967255,0.430093964,2.356978705,214.7949807,16.66322297,69.38442936,13.95234767,556319,1108,2,10.128,6.099999905,1.55
Japan,20,0.891,83.5,15.3,11.5,36927,Very high,Asia,Eastern Asia,37.9,90.58,42.70764659,0.998410889,-0.162550166,348.7266842,12.93921244,61.35536536,25.7054222,127131800,2560,262,6.979,3.700000048,1.42
Belgium,21,0.89,80.8,16.3,11.3,41187,Very high,Europe,Western Europe,25.9,85,45.78468092,0.977253202,0.431837338,370.9119221,16.88838963,65.10676426,18.00484611,11231213,29179,75,2.182,8.5,1.75
France,22,0.888,82.2,16,11.1,38056,Very high,Europe,Western Europe,30.1,83.75,47.13697929,2.248471124,0.790901326,121.4411285,18.50647357,62.8244375,18.66908893,66495940,252264,93,20.711,9.899999619,1.99
Austria,23,0.885,81.4,15.7,10.8,43869,Very high,Europe,Western Europe,29.2,81,46.00499154,0.756523995,0.730867277,103.4953533,14.27924145,67.12362785,18.5971307,8541575,55598,10,34.081,5,1.44
Finland,24,0.883,80.8,17.1,10.3,38695,Very high,Europe,Northern Europe,26.8,92.38,47.74055869,1.32168677,0.413560208,17.97200303,16.32331203,63.86859769,19.80809028,5461512,11798,7,15.914,8.600000381,1.75
Slovenia,25,0.88,80.4,16.8,11.9,27852,Very high,Europe,Southern Europe,23.7,71.59,46.06961715,0.982382208,0.098351922,102.3823237,14.59250131,67.79912375,17.60837494,2061980,257,26,50.305,9.5,1.55
Spain,26,0.876,82.6,17.3,9.6,32045,Very high,Europe,Southern Europe,35.9,76.19,45.64508982,1.234356967,-0.298951059,92.92273645,14.87286476,66.68554342,18.44159182,46480882,5798,60,20.645,24.70000076,1.27
Italy,27,0.873,83.1,16,10.1,33030,Very high,Europe,Southern Europe,31.9,61.96,41.84223571,1.476292325,0.917504096,206.6673693,13.78567447,64.20013345,22.01419209,60789140,93715,67,31.179,12.5,1.39
Czech Republic,28,0.87,78.6,16.4,12.3,26660,Very high,Europe,Eastern Europe,,79.71,44.12091218,0.985487525,0.105277582,136.2857309,14.84822719,67.60881925,17.54295356,10525347,3137,1327,26.981,6.199999809,1.46
Greece,29,0.865,80.9,17.6,10.3,24524,Very high,Europe,Southern Europe,36.7,63.21,42.83355235,2.348002699,-0.66611329,84.50281614,14.63821146,64.49284446,20.86894408,10892413,7304,113,22.322,26.29999924,1.3
Estonia,30,0.861,76.8,16.5,12.5,25214,Very high,Europe,Northern Europe,35.6,84.24,49.05976413,1.933608113,-0.262256175,31.01073366,15.82263526,65.64777622,18.52958852,1314545,90,339,32.378,7.699999809,1.52
Brunei Darussalam,31,0.856,78.8,14.5,8.8,72570,Very high,Asia,South-Eastern Asia,,68.77,39.67801912,3.085720482,1.422402986,79.20189753,23.53555633,72.29715808,4.167285586,417394,0,1,23.113,3.799999952,1.874
Cyprus,32,0.85,80.2,14,11.6,28633,Very high,Asia,Western Asia,34.8,69.33,43.18359938,1.540533763,1.046142743,124.8547619,16.74664415,70.69365445,12.5597014,1153658,5126,10,32.981,15.60000038,1.446
Qatar,32,0.85,78.2,13.8,9.1,123124,Very high,Asia,Western Asia,,91.49,13.52505763,,3.312783791,187.085702,15.26427616,83.58456124,1.151162603,2172065,133,21,0.841,0.300000012,2.026
Andorra,34,0.845,81.3,13.5,9.6,43978,Very high,Europe,Southern Europe,,95.9,,,-4.19194055,154.8638298,,,,72786,,7,14.367,,
Slovakia,35,0.844,76.3,15.1,12.2,25845,Very high,Europe,Eastern Europe,26,,,,,,,,,,,,,,
Poland,36,0.843,77.4,15.5,11.8,23177,Very high,Europe,Eastern Europe,32.4,66.6,45.13202592,1.898280774,-0.074846229,124.1361647,14.88347455,70.0983952,15.01813026,38011735,15741,1310,39.432,9.199999809,1.29
Lithuania,37,0.839,73.3,16.4,12.4,24500,Very high,Europe,Northern Europe,35.5,72.13,50.08827953,0.88290155,-0.859827343,46.78686877,14.45372631,66.94148858,18.60478511,2932367,1007,183,33.478,11.30000019,1.59
Malta,37,0.839,80.6,14.4,10.3,27930,Very high,Europe,Southern Europe,27.7,73.17,36.60441821,,0.938015995,1335.5125,14.75259921,66.57617608,18.67122471,427364,6095,5,4.723,5.900000095,1.38
Saudi Arabia,39,0.837,74.3,16.3,8.7,52821,Very high,Asia,Western Asia,45.9,63.7,15.23191442,10.71358832,2.244392708,14.36790654,28.82477791,68.38057478,2.794647313,30886545,534,630,17.074,5.599999905,2.765
Argentina,40,0.836,76.3,17.9,9.8,22050,Very high,Americas,South America,45.8,64.7,40.43135954,0.908535413,1.033055553,15.70511311,25.3464272,63.84458911,10.80898369,42980026,3498,318,8.396,8.199999809,2.322
United Arab Emirates,41,0.835,77,13.3,9.5,60868,Very high,Asia,Western Asia,,90.4,13.11676397,5.696581765,0.509332471,108.6858732,13.83377472,85.12691694,1.039308335,9086139,417,90,14.734,3.599999905,1.784
Chile,42,0.832,81.7,15.2,9.8,21290,Very high,Americas,South America,52.1,72.35,40.75809245,1.981731712,1.057293581,23.88955284,20.46439925,68.83738668,10.69821407,17762647,1773,579,10.644,6.400000095,1.761
Portugal,43,0.83,80.9,16.3,8.2,25757,Very high,Europe,Southern Europe,34.2,64.59,48.43133282,1.786721278,-0.539190467,113.5487118,14.23123617,65.40102552,20.36773831,10401062,699,31,37.092,14.19999981,1.21
Hungary,44,0.828,75.2,15.4,11.6,22916,Very high,Europe,Eastern Europe,30.6,76.13,45.81918204,0.874471475,-0.269378767,108.985618,14.54223351,67.92370525,17.53406124,9866468,2867,1267,29.229,7.800000191,1.35
Bahrain,45,0.824,76.6,14.4,9.4,38599,Very high,Asia,Western Asia,,90.99998,19.56550432,4.358108108,0.92227535,1768.74026,21.21078176,76.41868525,2.370532994,1361930,311,347,11.281,3.900000095,2.056
Latvia,46,0.819,74.2,15.2,11.5,22281,Very high,Europe,Northern Europe,35.2,75.83,49.94274491,0.957131858,-0.941743354,32.05952726,14.62871867,66.1111597,19.26012163,1993782,183,213,32.579,10,1.52
Croatia,47,0.818,77.3,14.8,11,19409,Very high,Europe,Southern Europe,32,68.57,45.68910105,1.586636831,-0.407343185,75.73961758,14.97384896,66.42555558,18.60059546,4238389,679,40122,41.344,16.70000076,1.46
Kuwait,48,0.816,74.4,14.7,7.2,83961,Very high,Asia,Western Asia,,78.7,27.15526801,3.631499374,4.3408509,210.6128507,22.4799307,75.57379578,1.946273515,3753121,614,981,1.674,3,2.105
Montenegro,49,0.802,76.2,15.2,11.2,14558,Very high,Europe,Southern Europe,26.2,61,43.97972519,1.506685229,0.097022011,46.23122677,18.86734518,67.78896899,13.34368583,621810,6462,607,36.168,19.10000038,1.689
Belarus,50,0.798,71.3,15.7,12,16676,High,Europe,Eastern Europe,26.5,59.02,48.72671995,1.32821866,0.179429042,46.73500567,15.76919425,70.25143725,13.9793685,9483000,925,4300,23.723,5.900000095,1.62
Russian Federation,50,0.798,70.1,14.7,12,22352,High,Europe,Eastern Europe,,70.52,48.77960567,4.170244425,0.217632655,8.781871566,16.35050783,70.41813349,13.23135868,143819569,235750,70562,26.076,5.099999905,1.7
Oman,52,0.793,76.8,13.6,8,34858,High,Asia,Western Asia,,70.22,13.41129702,13.38853066,8.08855916,13.68677544,21.10939489,76.35924162,2.531363483,4236057,151,29,22.822,7.199999809,2.774
Romania,52,0.793,74.7,14.2,10.8,18108,High,Europe,Eastern Europe,27.3,54.08,44.99555716,1.350286124,-0.374575498,86.5494892,15.5775874,67.49470296,16.92770964,19908979,2182,1918,45.607,7,1.41
Uruguay,52,0.793,77.2,15.5,8.5,19283,High,Americas,South America,45.3,61.46,44.54016977,1.488205607,0.338250791,19.53785853,21.61358508,64.05350933,14.33290559,3419516,272,124,4.848,7,2.02
Bahamas,55,0.79,75.4,12.6,10.9,21336,High,Americas,Caribbean,,,,,,,,,,,,,,,
Kazakhstan,56,0.788,69.4,15,11.4,20867,High,Asia,Central Asia,28.9,54.89,49.32244171,1.014112866,1.479722304,6.404127866,26.1308487,67.13711979,6.732031513,17289224,633,2224,46.71,4.099999905,2.74
Barbados,57,0.785,75.6,15.4,10.5,12488,High,Americas,Caribbean,,76.67,48.89969073,,0.309958314,659.0232558,19.43821018,66.80252664,13.75926318,283380,1,86,68.446,12,1.794
Antigua and Barbuda,58,0.783,76.1,14,9.2,20070,High,Americas,Caribbean,,64,,,1.011701141,206.5909091,24.55445545,68.330033,7.115511551,90900,0,53,75.81,,2.075
Bulgaria,59,0.782,74.2,14.4,10.6,15596,High,Europe,Eastern Europe,35.4,55.49,46.61002392,1.473467738,-0.568389264,66.54327561,13.97872442,66.29216526,19.72911032,7223938,11046,1648,26.374,11.60000038,1.48
Palau,60,0.78,72.7,13.7,12.3,13496,High,Oceania,Micronesia,,,,,0.847301337,45.86304348,,,,21097,1,1,13.548,,
Panama,60,0.78,77.6,13.3,9.3,18192,High,Americas,Central America,51.9,44.92,37.61108598,0,1.612187734,52.02495292,27.47602801,65.08054872,7.443423266,3867535,2271,89,33.708,4.300000191,2.444
Malaysia,62,0.779,74.7,12.7,10,22762,High,Asia,South-Eastern Asia,46.2,67.5,36.08039292,1.454933218,1.470952411,91.01201339,25.37093928,68.95516047,5.673573436,29901997,99086,468,25.99,2,1.944
Mauritius,63,0.777,74.4,15.6,8.5,17470,High,Africa,Eastern Africa,35.9,41.44,37.99324667,0.260622584,0.181061469,621.1497537,19.84112782,71.02494389,9.133928283,1260934,0,94,60.186,7.699999809,1.43
Seychelles,64,0.772,73.1,13.4,9.4,23300,High,Africa,Eastern Africa,,54.26,,2.421000386,1.654753698,200.8791209,23.24550423,69.92427087,6.830224893,91400,,25,46.441,,2.3
Trinidad and Tobago,64,0.772,70.4,12.3,10.9,26090,High,Americas,Caribbean,,65.1,42.2916515,0.675733049,0.461979352,264.0317739,20.78268978,70.05351857,9.163791646,1354483,83,371,91.45,4,1.778
Serbia,66,0.771,74.9,14.4,10.5,12190,High,Europe,Southern Europe,38.7,53.5,43.79727367,2.065939697,-0.469489291,81.5295678,16.4803271,66.89410496,16.62556794,7130576,43751,45733,44.545,22.20000076,1.43
Cuba,67,0.769,79.4,13.8,11.5,7301,High,Americas,Caribbean,,30,38.36474892,,0.146040659,106.8973029,16.55729521,69.82825811,13.61444668,11379111,280,7502,23.03,3.299999952,1.615
Lebanon,67,0.769,79.3,13.8,7.9,16509,High,Asia,Western Asia,,74.7,24.54466694,4.963960282,5.967518248,548.5919844,24.0565557,67.81049362,8.132950684,5612096,1606709,4273,12.33,6.400000095,1.714
Costa Rica,69,0.766,79.4,13.9,8.4,13413,High,Americas,Central America,50.3,49.41,37.2713434,0,1.081430428,93.17677242,22.69830667,68.70127539,8.600417941,4757606,12924,417,24.085,8.300000191,1.819
Iran,69,0.766,75.4,15.1,8.2,15440,High,Asia,Southern Asia,44.5,,,,,,,,,,,,,,
Venezuela,71,0.762,74.2,14.2,8.9,16159,High,Americas,South America,39,,,,,,,,,,,,,,
Turkey,72,0.761,75.3,14.5,7.6,18677,High,Asia,Western Asia,40.2,51.04,30.54999171,2.224674663,1.691319352,100.7286462,25.94494222,66.66676943,7.388288354,77523788,1587374,63892,27.109,9.199999809,2.07
Sri Lanka,73,0.757,74.9,13.7,10.8,9779,High,Asia,Southern Asia,49,25.8,33.53236963,2.526683307,0.928664473,331.2230904,24.79070872,66.30425805,8.905033229,20771000,511,122010,81.68,4.599999905,2.083
Mexico,74,0.756,76.8,13.1,8.5,16056,High,Americas,Central America,48.3,44.39,37.16218343,0.667520245,1.321217635,64.50054425,28.06427741,65.62724036,6.308482235,125385833,1837,10666,21.029,4.900000095,2.243
Brazil,75,0.755,74.5,15.2,7.7,15175,High,Americas,South America,51.9,57.6,43.7742807,1.351679441,0.886360083,24.65595192,23.52705092,68.89762288,7.5753262,206077898,7490,977,14.567,6.800000191,1.79
Georgia,76,0.754,74.9,13.8,12.1,7164,High,Asia,Western Asia,46,48.9,46.35755223,2.517582317,-1.306162779,65.20522062,17.21231474,68.67150428,14.11618098,3727000,442,6681,46.532,13.39999962,1.816
Saint Kitts and Nevis,77,0.752,73.8,12.9,8.4,20805,High,Americas,Caribbean,,,,,,,,,,,,,,,
Azerbaijan,78,0.751,70.8,11.9,11.2,16428,High,Asia,Western Asia,33.7,61,48.63023784,4.55781667,1.248208997,115.3543958,22.0364351,72.40124618,5.56231872,9535079,1299,10515,45.645,5.199999809,2
Grenada,79,0.75,73.4,15.8,8.6,10939,High,Americas,Caribbean,,37.38,,,0.421200052,312.7911765,26.57664858,66.27424799,7.149103424,106349,0,324,64.42,,2.149
Jordan,80,0.748,74,13.5,9.9,11365,High,Asia,Western Asia,39.7,44,18.3731965,4.326355015,2.751211309,83.533262,35.84885714,60.37641434,3.774728519,7416083,2771502,1718,16.553,11.10000038,3.422
Macedonia,81,0.747,75.4,13.4,9.3,11780,High,Europe,Southern Europe,43.6,,,,,,,,,,,,,,
Ukraine,81,0.747,71,15.1,11.3,8178,High,Europe,Eastern Europe,24.6,43.4,49.01180105,3.060071691,-0.278913805,78.30370089,14.59818774,70.12419778,15.27761448,45362900,3219,237625,30.518,7.699999809,1.498
Algeria,83,0.736,74.8,14,7.6,13054,High,Africa,Northern Africa,35.3,18.09,17.37615649,5.556059831,1.940399184,16.34701269,28.20590947,65.99064466,5.803445874,38934334,94128,3524,29.871,9.5,2.857
Peru,84,0.734,74.6,13.1,9,11015,High,Americas,South America,45.3,40.2,45.25819586,1.443792028,1.32499896,24.19777188,28.1772166,65.1464843,6.676299096,30973148,1303,4343,21.715,4.199999809,2.455
Albania,85,0.733,77.8,11.8,9.3,9943,High,Europe,Southern Europe,29,60.1,41.26650967,1.341473951,-0.103552395,105.6078102,18.9304268,69.00732124,12.06225196,2893654,104,10158,43.591,16.10000038,1.784
Armenia,85,0.733,74.7,12.3,10.9,8124,High,Asia,Western Asia,30.3,46.3,46.17784561,3.931550782,0.465529171,105.5902353,18.66368124,70.75672105,10.57959772,3006154,3190,11848,37.188,17.10000038,1.531
Bosnia and Herzegovina,85,0.733,76.5,13.6,8.3,9638,High,Europe,Southern Europe,36.2,60.8,38.04320446,1.027868809,-0.156496091,74.56160156,13.64656531,71.38277546,14.97065922,3817554,6890,21888,60.384,27.89999962,1.263
Ecuador,88,0.732,75.9,14.2,7.6,10605,High,Americas,South America,48.5,43,40.38553531,2.895754162,1.530902125,64.03171203,29.33769505,64.12401977,6.53828518,15902916,53817,804,36.484,4.599999905,2.542
Saint Lucia,89,0.729,75.1,12.6,9.3,9765,High,Americas,Caribbean,,,,,,,,,,,,,,,
China,90,0.727,75.8,13.1,7.5,12547,High,Asia,Eastern Asia,46.9,49.3,43.8665324,1.928801683,0.506311592,145.317356,17.20482569,73.61249346,9.182680848,1364270000,301052,210802,45.59,4.699999809,1.562
Fiji,90,0.727,70,15.7,9.9,7493,High,Oceania,Melanesia,,41.8,33.68062657,0.955220391,0.674955886,48.51943076,28.79440465,65.56647301,5.639122342,886450,13,924,46.646,7.900000095,2.564
Mongolia,90,0.727,69.4,14.6,9.3,10729,High,Asia,Eastern Asia,36.5,27,45.81206788,0.859628081,1.757597837,1.873034192,27.8994842,68.11765882,3.982856972,2909871,6,2163,28.778,4.800000191,2.655
Thailand,93,0.726,74.4,13.5,7.3,13323,High,Asia,South-Eastern Asia,48.4,34.89,45.50739394,1.417140831,0.406217867,132.5646989,17.96949292,71.94662922,10.08387786,67725979,75137,233,50.826,0.899999976,1.512
Dominica,94,0.724,77.8,12.7,7.9,9994,High,Americas,Caribbean,,62.86,,,0.465548899,96.45466667,,,,72341,0,38,30.744,,
Libya,94,0.724,71.6,14,7.3,14911,High,Africa,Northern Africa,,17.76,28.36473531,7.993696275,-0.111824622,3.557170624,29.67026278,65.86963635,4.460100873,6258984,27964,4203,21.641,19.20000076,2.467
Tunisia,96,0.721,74.8,14.6,6.8,10404,High,Africa,Northern Africa,40,46.16,26.98547192,1.936373985,1.00626446,70.78141092,23.29794359,69.21514294,7.486913478,10996600,901,1485,33.355,13.30000019,2.2
Colombia,97,0.72,74,13.5,7.3,12040,High,Americas,South America,53.5,52.57,42.59535291,3.130404248,0.944004218,43.07471203,24.70150431,68.53824495,6.760250742,47791393,213,360298,23.839,10.10000038,1.897
Saint Vincent and the Grenadines,97,0.72,72.9,13.4,8.6,9937,High,Americas,Caribbean,,,,,,,,,,,,,,,
Jamaica,99,0.719,75.7,12.4,9.7,7415,High,Americas,Caribbean,45.5,40.5,44.86667621,0.871038601,0.216550537,251.2053555,24.15232848,66.89078903,8.956882493,2720554,22,1692,45.444,13.19999981,2.046
Tonga,100,0.717,72.8,14.7,10.7,5069,High,Oceania,Polynesia,,40,42.72469922,,0.424250251,146.6472222,36.97365181,57.14204535,5.884302843,105586,0,22,76.368,,3.722
Belize,101,0.715,70,13.6,10.5,7614,High,Americas,Central America,,38.7,37.946469,1.033857934,2.159305277,15.41893906,33.0932654,63.1527469,3.753987706,351706,10,45,55.876,11.5,2.579
Dominican Republic,101,0.715,73.5,13.1,7.6,11883,High,Americas,Caribbean,47.1,49.58,40.08752081,0.68403872,1.203986962,215.3547806,30.25506674,63.23404808,6.510885174,10405943,608,349,21.939,15,2.48
Suriname,103,0.714,71.1,12.7,7.7,15617,High,Americas,South America,,40.08,37.38363226,,0.895407485,3.450307692,27.12950164,66.07233097,6.798167388,538248,0,17,33.915,5.599999905,2.36
Maldives,104,0.706,76.8,13,5.8,12328,High,Asia,Southern Asia,37.4,49.28,42.47626173,,2.015181544,1336.666667,27.58082341,67.69217856,4.726998028,401000,,36,55.506,11.60000038,2.123
Samoa,105,0.702,73.4,12.9,10.3,5327,High,Oceania,Polynesia,,21.2,27.65893462,,0.761315436,67.78975265,37.50058641,57.32075373,5.178659856,191845,,1,80.74,,4.086
Botswana,106,0.698,64.5,12.5,8.9,16646,Medium,Africa,Southern Africa,60.5,18.5,47.06439566,2.386534331,1.975614057,3.917098089,32.19807589,64.26713911,3.534784996,2219937,2645,237,42.813,18.20000076,2.836
Moldova,107,0.693,71.6,11.9,11.2,5223,Medium,Europe,Eastern Europe,28.5,46.6,48.48603423,0.34529228,-0.060970101,123.8429153,15.78677124,74.32098008,9.892248683,3556397,335,2233,55.075,3.400000095,1.256
Egypt,108,0.69,71.1,13.5,6.6,10512,Medium,Africa,Northern Africa,30.8,,,,,,,,,,,,,,
Turkmenistan,109,0.688,65.6,10.8,9.9,13066,Medium,Asia,Central Asia,40.8,12.2,39.21341439,,1.272383604,11.29357138,28.39889976,67.49348242,4.107617819,5307188,35,484,50.312,10.5,2.301
Gabon,110,0.684,64.4,12.5,7.8,16367,Medium,Africa,Middle Africa,,9.81,45.76895254,1.144818396,2.236266447,6.549745799,37.29140657,57.55315159,5.155441842,1687673,1013,172,13.08,19.70000076,3.909
Indonesia,110,0.684,68.9,13,7.6,9788,Medium,Asia,South-Eastern Asia,36.8,17.14,37.97071076,0.778141413,1.260193359,140.460914,27.98277068,66.90861431,5.108615017,254454778,4270,14408,46.997,6.199999809,2.463
Paraguay,112,0.679,72.9,11.9,7.7,7643,Medium,Americas,South America,53.2,43,39.1809986,1.398867463,1.334291611,16.49262019,30.57072106,63.5712256,5.858053347,6552518,153,94,40.584,4.5,2.542
"Palestine, State of",113,0.677,72.9,13,8.9,4699,Medium,Asia,Western Asia,,,,,,,,,,,,,,,
Uzbekistan,114,0.675,68.4,11.5,10.9,5567,Medium,Asia,Central Asia,36.8,43.55,40.16350556,,1.686900359,72.30300893,28.53483483,66.84597949,4.619185676,30757700,125,4795,63.722,10.60000038,2.2
Philippines,115,0.668,68.2,11.3,8.9,7915,Medium,Asia,South-Eastern Asia,46,39.69,39.21605232,1.089669198,1.593253248,332.490492,32.22737157,63.279888,4.492740423,99138690,222,670,55.512,7.099999905,2.977
El Salvador,116,0.666,73,12.3,6.5,7349,Medium,Americas,Central America,46.9,29.7,42.18851424,0.933176873,0.296162908,294.7734556,27.61521265,64.3936365,7.991150851,6107706,35,10965,33.745,6.199999809,1.931
South Africa,116,0.666,57.4,13.6,9.9,12122,Medium,Africa,Southern Africa,62.5,49,43.84252957,1.112826031,1.615744656,44.56276726,29.52614104,65.44582568,5.028033287,54058647.34,112192,424,35.702,25.10000038,2.363
Viet Nam,116,0.666,75.8,11.9,7.5,5092,Medium,Asia,South-Eastern Asia,,,,,,,,,,,,,,,
Bolivia (Plurinational State of),119,0.662,68.3,13.2,8.2,5760,Medium,Americas,South America,,,,,,,,,,,,,,,
Kyrgyzstan,120,0.655,70.6,12.5,10.6,3044,Medium,Asia,Central Asia,33.4,,,,,,,,,,,,,,
Iraq,121,0.654,69.4,10.1,6.4,14003,Medium,Asia,Western Asia,,11.3,17.67691383,4.259230777,3.361273266,81.21498665,41.1498297,55.79454688,3.055623415,35273293,271143,369954,30.639,16.39999962,4.566
Cabo Verde,122,0.646,73.3,13.5,4.7,6094,Medium,Africa,Western Africa,,40.26,39.23549494,0.537031322,1.302061946,127.5200993,29.97104529,65.30240939,4.726545322,513906,0,27,35.16,9.199999809,2.303
Micronesia (Federated States of),123,0.64,69.1,11.7,9.7,3432,Medium,Oceania,Micronesia,,,,,,,,,,,,,,,
Guyana,124,0.636,66.4,10.3,8.5,6522,Medium,Americas,South America,44.6,37.35,34.93577457,1.276563528,0.375100609,3.880584201,29.80783958,65.33310293,4.859057486,763893,11,700,71.541,11.10000038,2.558
Nicaragua,125,0.631,74.9,11.5,6,4457,Medium,Americas,Central America,40.5,17.6,38.71122881,0.690334183,1.141643124,49.97434768,30.52397,64.51606467,4.959965334,6013913,280,1587,41.541,5.300000191,2.264
Morocco,126,0.628,74,11.6,4.4,6850,Medium,Africa,Northern Africa,40.9,56.8,27.03855965,3.680270424,1.390819379,76.00538427,27.32738282,66.59343715,6.079180034,33921203,1216,1539,40.301,10.19999981,2.515
Namibia,126,0.628,64.8,11.3,6.2,9418,Medium,Africa,Southern Africa,59.7,14.84,48.51800559,4.252529039,2.369479939,2.918604623,36.91974307,59.57859349,3.501663436,2402858,1767,1253,54.322,18.60000038,3.522
Guatemala,128,0.627,71.8,10.7,5.6,6929,Medium,Americas,Central America,53,23.4,38.16522168,0.418365485,2.048252145,149.4540314,37.12095924,58.11597819,4.763062569,16015494,164,7483,48.885,2.900000095,3.211
Tajikistan,129,0.624,69.4,11.2,10.4,2517,Medium,Asia,Central Asia,32.6,17.49,43.32151361,1.128380097,2.242280464,59.27293512,34.9258544,62.01816814,3.055977454,8295840,2026,725,73.308,10.89999962,3.49
India,130,0.609,68,11.7,5.4,5497,Medium,Asia,Southern Asia,33.6,18,24.17184695,2.488157921,1.226730296,435.6571706,29.21279677,65.29889874,5.488304497,1295291543,199937,10436,67.634,3.599999905,2.427
Honduras,131,0.606,73.1,11.1,5.5,3938,Medium,Americas,Central America,57.7,19.08,34.63573332,1.636867306,1.424638087,71.15631424,32.52932798,62.73487505,4.735796967,7961680,26,4159,45.863,3.900000095,2.382
Bhutan,132,0.605,69.5,12.6,3,7176,Medium,Asia,Southern Asia,38.7,34.37,41.47087425,,1.364945236,20.06999502,27.43605296,67.60883546,4.955111581,765008,,23642,62.102,2.799999952,2.027
Timor-Leste,133,0.595,68.2,11.7,4.4,5363,Medium,Asia,South-Eastern Asia,31.9,1.14,32.04563848,2.160486212,2.678725623,81.5135844,42.28718808,52.22065736,5.492154559,1212107,0,13,67.869,4.699999809,5.1
Syrian Arab Republic,134,0.594,69.6,12.3,6.3,2728,Medium,Asia,Western Asia,,28.09,15.51061882,,-2.888301216,102.2299243,36.81318948,59.2559023,3.930908227,18772481,677756,3887491,42.745,10.80000019,2.95
Vanuatu,134,0.594,71.9,10.6,6.8,2803,Medium,Oceania,Melanesia,,18.8,43.64132877,,2.233477212,21.23732568,36.77761769,59.11319013,4.109192183,258883,0,1,74.183,,3.347
Congo,136,0.591,62.3,11.1,6.1,6012,Medium,Africa,Middle Africa,,,,,,,,,,,,,,,
Kiribati,137,0.59,66,12.3,7.8,2434,Medium,Oceania,Micronesia,,12.25,,,1.758837015,136.382716,35.00950484,61.33882502,3.651670137,110470,,3,55.827,,3.73
Equatorial Guinea,138,0.587,57.6,9,5.5,21056,Medium,Africa,Middle Africa,,18.86,44.83188131,1.072396353,2.942546724,29.26506239,39.42391443,57.7139307,2.862154869,820885,0,174,60.244,7.900000095,4.835
Zambia,139,0.586,60.1,13.5,6.6,3734,Medium,Africa,Eastern Africa,57.5,17.34,46.43872719,1.634832349,3.069640155,21.1481766,46.09241081,50.98862737,2.918961822,15721343,25578,316,59.528,13.30000019,5.353
Ghana,140,0.579,61.4,11.5,7,3852,Medium,Africa,Western Africa,42.3,18.9,49.71098581,0.47904247,2.350075661,117.7225894,38.91444147,57.65882625,3.426732279,26786598,18450,22145,46.608,2.400000095,4.168
Lao People's Democratic Republic,141,0.575,66.2,10.6,5,4680,Medium,Asia,South-Eastern Asia,,,,,,,,,,,,,,,
Bangladesh,142,0.57,71.6,10,5.1,3191,Medium,Asia,Southern Asia,32.1,9.6,40.41303888,0.00137178,1.214377385,1222.075079,29.97640968,65.06777611,4.955814214,159077513,32472,10883,66.484,4.300000191,2.175
Cambodia,143,0.555,68.4,10.9,4.4,2949,Medium,Asia,South-Eastern Asia,37.9,9,49.82104875,1.658979246,1.641596126,86.8351235,31.80410195,64.18091541,4.014982644,15328136,63,13071,79.486,0.400000006,2.635
Sao Tome and Principe,143,0.555,66.5,11.3,4.7,2918,Medium,Africa,Middle Africa,,24.41,37.64988376,,2.145837472,194.10625,42.85292634,53.95884986,3.188223804,186342,0,22,35.489,,4.576
Kenya,145,0.548,61.6,11,6.3,2762,Low,Africa,Eastern Africa,42.5,43.4,46.54119363,1.334044705,2.644121396,78.82697227,42.12515527,55.11824368,2.75660105,44863583,551352,8553,74.803,9.199999809,4.334
Nepal,145,0.548,69.6,12.4,3.3,2311,Low,Asia,Southern Asia,32.8,15.44,50.851686,1.607012995,1.213172492,196.5449878,33.51585982,61.09662334,5.38751684,28174724,38490,8563,81.757,2.700000048,2.222
Pakistan,147,0.538,66.2,7.8,4.7,4866,Low,Asia,Southern Asia,29.6,13.8,22.25730324,3.490551462,2.103437242,240.0429198,35.18892499,60.32014412,4.49093089,185044286,1505525,335961,61.697,5.199999809,3.617
Myanmar,148,0.536,65.9,8.6,4.1,4608,Low,Asia,South-Eastern Asia,,2.1,49.42132503,3.688628145,0.85196116,81.8232973,28.05739542,66.70083453,5.241770057,53437159,0,479006,66.449,3.299999952,2.204
Angola,149,0.532,52.3,11.4,4.7,6822,Low,Africa,Middle Africa,,21.26,46.20455385,5.400287266,3.269552406,19.43332317,47.85031685,49.84108983,2.308593317,24227524,15474,9484,56.726,6.800000191,6.08
Swaziland,150,0.531,49,11.3,7.1,5542,Low,Africa,Southern Africa,50.4,27.1,39.10984683,1.843583165,1.466122343,73.7855814,37.59203285,58.87266057,3.535306577,1269112,515,161,78.685,22.29999924,3.266
Tanzania (United Republic of),151,0.521,65,9.2,5.1,2411,Low,,,,,,,,,,,,,,,,,
Nigeria,152,0.514,52.8,9,5.9,5341,Low,Africa,Western Africa,43.7,42.68,42.3995695,0.414718775,2.660487333,194.8636714,44.0711793,53.178905,2.749915698,177475986,1239,90947,53.058,7.5,5.65
Cameroon,153,0.512,55.5,10.4,6,2803,Low,Africa,Middle Africa,44.6,11,45.701982,1.252788882,2.498110306,48.17544372,42.76027758,54.02119807,3.218524346,22773014,226489,10766,46.181,4.300000191,4.704
Madagascar,154,0.51,65.1,10.3,6,1328,Low,Africa,Eastern Africa,47.5,3.7,49.38386075,0.632787766,2.783869737,40.51514782,42.04102604,55.1392298,2.819744157,23571713,11,281,65.532,3.599999905,4.409
Zimbabwe,155,0.509,57.5,10.9,7.3,1615,Low,Africa,Eastern Africa,50.1,19.89,49.45681208,2.592817276,2.307451177,39.41024945,41.58379441,55.41503576,3.001169826,15245855,6079,22492,67.499,5.400000095,3.923
Mauritania,156,0.506,63.1,8.5,3.8,3560,Low,Africa,Western Africa,39,10.7,26.75701867,2.670719117,2.472382509,3.851387407,40.25831155,56.5479107,3.19377775,3969625,49635,34113,40.745,31,4.603
Solomon Islands,156,0.506,67.9,9.2,5,1540,Low,Oceania,Melanesia,,9,40.14387542,,2.027864725,20.44197928,39.81292306,56.80399741,3.383079534,572171,3,70,78.124,3.900000095,3.966
Papua New Guinea,158,0.505,62.6,9.9,4,2463,Low,Oceania,Melanesia,50.9,9.38,48.25570306,0.663818758,2.094693178,16.48098088,37.5392121,59.49762426,2.963163641,7463577,4929,288,87.015,2.5,3.757
Comoros,159,0.503,63.3,11.5,4.6,1456,Low,Africa,Eastern Africa,,6.98,30.65293893,,2.404550925,413.751209,40.47761597,56.73274103,2.789642996,769991,0,581,71.807,6.5,4.49
Yemen,160,0.498,63.8,9.2,2.6,3519,Low,Asia,Western Asia,37.9,,,,,,,,,,,,,,
Lesotho,161,0.497,49.8,11.1,5.9,3306,Low,Africa,Southern Africa,63.2,11,45.64654096,2.186457145,1.24688598,69.47289196,36.31841881,59.5095195,4.17206169,2109197,44,17,73.211,26.20000076,3.185
Togo,162,0.484,59.7,12.2,4.5,1228,Low,Africa,Western Africa,,5.7,50.92729524,1.853415232,2.6553193,130.8174848,42.42705332,54.81528673,2.757659944,7115163,21778,9276,60.531,6.900000095,4.584
Haiti,163,0.483,62.8,8.7,4.9,1669,Low,Americas,Caribbean,60.8,11.4,47.46542595,0,1.340572727,383.6004717,34.15526953,61.26531624,4.579414226,10572029,3,37162,42.564,6.800000191,3.033
Rwanda,163,0.483,64.2,10.3,3.7,1458,Low,Africa,Eastern Africa,46.8,10.6,53.95067379,1.149323448,2.35027091,459.7301986,41.41701518,55.8362424,2.746742419,11341544,73820,79408,72.159,0.600000024,3.898
Uganda,163,0.483,58.5,9.8,5.4,1613,Low,Africa,Eastern Africa,39.5,17.71,49.32090924,1.235579046,3.25376537,188.4249501,48.32583706,49.17555319,2.498609757,37782971,385513,7191,84.234,3.799999952,5.775
Benin,166,0.48,59.6,11.1,3.3,1767,Low,Africa,Western Africa,36.5,5.3,47.00814744,0.971146128,2.641076758,93.99150408,42.46976124,54.64078724,2.889451527,10598482,415,340,56.486,1,4.766
Sudan,167,0.479,63.5,7,3.1,3809,Low,Africa,Northern Africa,,24.64,29.40862802,,2.145269562,21.57468771,40.85480574,55.85417016,3.291024098,39350274,244430,665967,66.377,14.80000019,4.353
Djibouti,168,0.47,62,6.4,3.8,3276,Low,Africa,Eastern Africa,40.9,10.71,34.88965978,,1.335093432,37.79870578,33.00337604,62.88613905,4.110484904,876174,20530,879,22.738,,3.195
South Sudan,169,0.467,55.7,7.6,5.4,2332,Low,Africa,Eastern Africa,46,15.9,,9.77473213,3.915536494,,42.4084625,54.13602879,3.455508705,11911184,248152,616211,81.409,,5.022
Senegal,170,0.466,66.5,7.9,2.5,2188,Low,Africa,Western Africa,40.3,17.7,44.97072022,1.532127242,3.125624981,76.20919857,43.79492954,53.24557267,2.959497789,14672557,14274,23118,56.607,10,5.09
Afghanistan,171,0.465,60.4,9.3,3.2,1885,Low,Asia,Southern Asia,,6.39,16.0514395,1.334356678,3.033472553,48.44454554,44.87099615,52.69431931,2.434684543,31627506,280267,2596270,73.718,9.100000381,4.843
Cote d'Ivoire,172,0.462,51.5,8.9,4.3,3171,Low,Africa,Western Africa,41.5,14.6,37.96400763,1.521768107,2.44243261,69.67643711,42.72496856,54.24016773,3.034863712,22157107,1925,71966,46.521,4,5.001
Malawi,173,0.445,62.8,10.8,4.3,747,Low,Africa,Eastern Africa,39,5.83,51.36578267,0.891434486,3.072287728,177.0815974,45.36089989,51.22394971,3.415150402,16695253,5874,361,83.898,7.5,5.129
Ethiopia,174,0.442,64.1,8.5,2.4,1428,Low,Africa,Eastern Africa,33,2.9,47.31171135,0.730052323,2.50680866,96.958732,42.07094519,54.47567631,3.453378495,96958732,659524,86870,80.972,5.199999809,4.395
Gambia,175,0.441,60.2,8.8,2.8,1507,Low,Africa,Western Africa,,,,,,,,,,,,,,,
Congo (Democratic Republic of the),176,0.433,58.7,9.8,6,680,Low,Africa,Middle Africa,,,,,,,,,,,,,,,
Liberia,177,0.43,60.9,9.5,4.1,805,Low,Africa,Western Africa,,5.41,47.40859318,0.714580229,2.367408337,45.64528654,42.61173637,54.3678299,3.020433731,4396554,38587,13572,50.692,3.799999952,4.719
Guinea-Bissau,178,0.42,55.2,9,2.8,1362,Low,Africa,Western Africa,,3.32,47.09788004,1.936036301,2.438527521,64.02962304,40.97837672,55.87390927,3.147714013,1800513,8684,1307,51.45,6.900000095,4.835
Mali,179,0.419,58,8.4,2,1583,Low,Africa,Western Africa,40.1,7,38.49601898,1.515933832,2.933420467,14.00275531,47.5390878,49.90333034,2.557581864,17086022,15195,139267,60.857,8.100000381,6.229
Mozambique,180,0.416,55.1,9.3,3.2,1123,Low,Africa,Eastern Africa,45.6,5.94,53.12773934,1.025335269,2.790970183,34.60957298,45.51468026,51.14738328,3.337936461,27216276,4536,58,68.066,22.60000038,5.359
Sierra Leone,181,0.413,50.9,8.6,3.1,1780,Low,Africa,Western Africa,34,2.1,49.5109149,0.975108385,2.189341169,87.49829593,42.65826655,54.66719298,2.674540469,6315627,1372,4993,60.422,3.299999952,4.626
Guinea,182,0.411,58.8,8.7,2.4,1096,Low,Africa,Western Africa,39.4,1.72,45.70594928,3.846153846,2.698294373,49.95737832,42.74124443,54.19685037,3.061905204,12275527,8766,15252,63.32,1.799999952,5.013
Burkina Faso,183,0.402,58.7,7.8,1.4,1591,Low,Africa,Western Africa,39.5,9.4,47.32322335,1.626986597,2.911018317,64.28800439,45.79381618,51.79533484,2.410848977,17589198,31894,1857,70.976,3.099999905,5.521
Burundi,184,0.4,56.7,10.1,2.7,758,Low,Africa,Eastern Africa,42.4,1.38,51.48853205,2.009842197,3.297803748,421.2172897,44.64215123,52.8890177,2.468831066,10816860,52936,72493,88.239,6.900000095,5.948
Chad,185,0.392,51.6,7.4,1.9,2085,Low,Africa,Middle Africa,43.3,2.5,44.95821386,2.818392656,3.301595089,10.79022633,47.98398152,49.55380685,2.462211636,13587053,452897,48258,77.659,7,6.156
Eritrea,186,0.391,63.7,4.1,3.9,1130,Low,Africa,Eastern Africa,,0.99,,,,,,,,,2898,363092,,7.199999809,4.284
Central African Republic,187,0.35,50.7,7.2,4.2,581,Low,Africa,Middle Africa,61.3,4.03,47.09557465,,1.968283386,7.711830235,39.38829169,56.74312431,3.868583998,4804316,7694,412041,60.241,7.400000095,4.286
Niger,188,0.348,61.4,5.4,1.5,908,Low,Africa,Western Africa,34,1.95,31.16591749,,4.029436517,15.08938817,50.4087638,47.01835246,2.572883741,19113728,77830,739,81.531,5.099999905,7.599